{"id":100,"title":"default title","description":"default desc","cover_image_url":null,"is_publish":null,"create_time":null,"update_time":null,"pages":[{"uuid":1580525962502,"title":"","width":1920,"height":1080,"bgColor":"rgba(255, 255, 255, 0)","bgImage":"","elements":[{"name":"lbp-background","uuid":1580525962502,"pluginProps":{"uuid":1580525962502,"backgroundColor":"rgba(255, 255, 255, 0)","backgroundImage":""},"commonStyle":{"top":0,"left":0,"width":1920,"height":1080,"textAlign":"center","color":"#000000","backgroundColor":"rgba(255, 255, 255, 0)","backgroundImage":"","fontSize":14},"events":[],"animations":[]},{"name":"lbp-picture","uuid":1580526004696,"pluginProps":{"uuid":1580526004696,"imgSrc":"/img/lbp-picture-placeholder.aa9bb3d3.png"},"commonStyle":{"top":100,"left":100,"width":200,"height":150,"textAlign":"center","color":"#000000","backgroundColor":"rgba(255, 255, 255, 0)","backgroundImage":"","fontSize":14},"events":[],"animations":[]}]}],"formData":null,"created_at":"2019-08-20T06:37:27.200Z","updated_at":"2019-08-20T06:37:27.200Z","is_template":null}0190912/video1.mp4","type":"video/mp4"}],"position":{"top":131,"left":63,"width":404,"height":219,"transform":0},"animation":{"name":"","duration":10,"delay":1}},{"compid":40173,"name":"图片播放","type":"image","active":false,"draggable":false,"imagelist":[{"name":"默认图片","src":"https://www.baidu.com/img/bd_logo1.png","type":"image/jpeg"},{"name":"图片001","src":"http://127.0.0.1:8081/MatStores/20190912/8A365528F20A5AED43D5540EB75F395F.png","type":"image/jpeg"}],"position":{"top":63,"left":493,"width":381,"height":338,"transform":0},"animation":{"name":"","duration":10,"delay":1}},{"compid":73007,"name":"背景音乐","type":"music","active":false,"draggable":false,"musiclist":[{"name":"默认音乐","src":"http://127.0.0.1:8081/MatStores/20190912/Jewel1.mp3","type":"audio/mp3"}],"position":{"top":1,"left":1,"width":30,"height":30,"transform":0},"animation":{"name":"","duration":10,"delay":1}},{"compid":24567,"name":"时间显示","type":"time","active":false,"draggable":false,"outformat":"yyyy年MM月dd日 HH:mm:ss","position":{"top":17,"left":69,"width":401,"height":37,"transform":0},"style":{"color":"#333333","backgroundColor":"#ffffff","fontFamily":"Microsoft Yahei","fontSize":"16px","fontStyle":"normal","fontWeight":"normal","lineHeight":2,"textAlign":"center","textDecoration":"none"},"animation":{"name":"","duration":10,"delay":1}},{"compid":30625,"name":"滚动字幕","type":"marqu","active":false,"draggable":false,"text":"请输入默认字幕","direction":"left","duration":"10","position":{"top":359,"left":61,"height":39,"width":405,"transform":0},"style":{"color":"#FC0404","backgroundColor":"#150101","fontFamily":"Microsoft Yahei","fontSize":"30px","fontStyle":"normal","fontWeight":"normal","lineHeight":1,"textAlign":"center","textDecoration":"none"},"animation":{"name":"","duration":10,"delay":1}}],"remarks":"默认页面"}],"remarks":"我的节目"}